session_id,course_id,weekday,start_period,end_period
1,27030560,周四,2,4
2,13031240,周五,5,6
3,17010950,周二,5,6
4,17010950,周二,7,8
5,13031120,周五,5,7
6,25000340,周二,2,4
7,61001710,周二,9,11
8,28020670,周二,3,4
9,13030100,周四,1,2
10,8010670,周二,7,8
11,18041130,周四,3,4
12,28030130,周五,3,4
13,10084110,周五,1,2
14,30000360,周五,5,6
15,1031890,周二,3,4
16,27040020,周二,1,3
17,38100050,周二,7,8
18,38100050,周四,1,2
19,300020,周二,9,11
20,17010830,周四,5,6
21,11090420,周四,9,11
22,14130090,周二,5,6
23,10060130,周三,5,6
24,72010040,周五,5,7
25,13030090,周四,3,4
26,61001580,周四,5,6
27,22000020,周二,5,6
28,22000020,周五,5,6
29,22000020,周五,7,8
30,78006070,周四,7,8
31,80030030,周一,2,4
32,27000080,周四,3,4
33,27000080,周四,7,8
34,12040230,周一,5,7
35,8020010,周一,2,4
36,2100150,周五,2,4
37,10050180,周三,3,4
38,14100870,周一,5,6
39,16060010,周三,3,4
40,7020200,周二,7,8
41,14120030,周三,5,6
42,90213102,周五,5,7
43,14100990,周一,9,10
44,14100990,周二,9,10
45,14100990,周四,9,10
46,90313203,周三,1,3
47,61000810,周一,9,10
48,61001460,周三,9,10
49,9010360,周二,5,6
50,6050340,周一,5,6
51,201860,周四,9,10
52,30000120,周二,5,6
53,4010540,周五,5,6
54,201100,周二,7,8
55,19003700,周三,9,10
56,202360,周三,9,11
57,5000770,周二,7,8
58,10080020,周五,3,4
59,302800,周四,7,8
60,302790,周五,7,8
61,9010850,周二,9,10
62,19002550,周一,7,8
63,78005690,周一,7,8
64,22011110,周二,1,2
65,22011110,周二,3,3
66,20130540,周二,3,4
67,20130540,周二,5,6
68,19001410,周四,5,8
69,19003290,周二,5,6
70,18001600,周一,3,4
71,20030200,周一,1,2
72,15030170,周四,7,8
73,27050170,周四,5,7
74,14010050,周三,5,6
75,7000610,周一,9,10
76,19003750,周五,3,4
77,78006630,周一,9,10
78,372410,周四,7,10
79,10070280,周二,3,4
80,27030010,周一,5,6
81,24000070,周一,1,2
82,24000070,周四,1,2
83,90111202,周二,3,4
84,90111202,周四,5,6
85,5020750,周五,9,10
86,20030680,周二,5,6
87,2110800,周一,3,4
88,8010120,周一,5,7
89,8030040,周三,2,4
90,9000630,周一,2,4
91,200530,周一,9,11
92,9010270,周三,9,10
93,9020030,周四,3,4
94,32010120,周一,3,4
95,61001920,周一,5,6
96,90213401,周三,9,11
97,9000750,周五,5,6
98,10081980,周二,5,6
99,10083290,周三,5,6
100,38100020,周一,7,8
101,18010430,周二,9,10
102,9060270,周二,2,4
103,12040320,周二,7,8
104,27000313,周一,7,8
105,3001770,周四,5,6
106,10010160,周四,3,4
107,76070030,周二,5,6
108,27000170,周三,2,4
109,27030370,周四,9,10
110,1020010,周一,5,7
111,28020740,周五,7,8
112,15090120,周四,5,7
113,29010210,周一,3,4
114,9050380,周一,3,4
115,9090140,周五,2,3
116,25011490,周三,5,6
117,5000090,周四,7,8
118,9020390,周四,3,4
119,14010032,周一,5,6
120,14010032,周四,3,4
121,202030,周四,7,8
122,2100120,周二,1,2
123,12010430,周二,3,4
124,78006380,周五,9,10
125,22011440,周三,3,4
126,18060310,周三,5,6
127,18060310,周五,3,4
128,32010240,周二,9,10
129,19003780,周五,7,8
130,90412303,周二,2,4
131,78003950,周四,5,6
132,78006230,周二,9,11
133,78005660,周四,9,10
134,201010,周一,9,11
135,200440,周二,7,8
136,79010010,周二,2,4
137,8010150,周五,3,4
138,90213307,周三,5,7
139,11090480,周一,5,7
140,20030720,周五,5,6
141,27030500,周二,5,6
142,28011020,周三,5,6
143,200320,周一,9,11
144,341640,周四,9,11
145,29010610,周三,3,4
146,9000720,周二,5,6
147,40460,周三,5,6
148,5010630,周三,3,4
149,303030,周二,9,11
150,399790,周三,9,10
151,14100930,周三,5,6
152,19003420,周三,2,4
153,3000360,周一,5,6
154,90113402,周一,5,6
155,201250,周一,7,8
156,5001000,周三,3,4
157,90312202,周四,3,6
158,543080,周二,5,7
159,302500,周四,7,8
160,202060,周四,9,11
161,3001740,周五,3,4
162,43000310,周四,5,6
163,38080030,周二,1,2
164,38080030,周四,5,6
165,18000510,周二,5,7
166,4011410,周二,9,10
167,12010390,周二,9,10
168,13030060,周二,5,6
169,202180,周二,7,8
170,22010020,周二,3,4
171,22010020,周四,3,4
172,22010020,周四,9,10
173,22010540,周三,3,4
174,14100040,周四,1,2
175,27010090,周五,5,7
176,13010260,周四,5,8
177,90213409,周一,2,4
178,3001620,周一,5,6
179,372500,周四,9,10
180,17010920,周二,5,6
181,17010920,周五,1,2
182,27040300,周四,2,4
183,12010270,周三,5,6
184,12010270,周五,5,6
185,21010670,周一,3,4
186,21010670,周三,5,6
187,78005290,周一,7,8
188,29021170,周一,7,8
189,61000370,周五,5,6
190,9060550,周一,9,10
191,4011160,周四,2,4
192,371880,周一,5,7
193,302980,周一,9,10
194,42130,周一,5,6
195,19003540,周二,7,8
196,90313101,周五,9,10
197,10083330,周五,3,4
198,13020060,周三,5,6
199,13020060,周四,3,4
200,28030010,周三,2,4
201,28030010,周四,5,7
202,302860,周三,5,6
203,10083450,周三,3,4
204,5020020,周五,3,4
205,78004120,周一,7,8
206,9060310,周一,2,4
207,2111330,周五,3,4
208,6010500,周一,5,6
209,13030950,周二,1,2
210,20120380,周二,5,6
211,372490,周一,5,6
212,16040830,周一,3,4
213,16040830,周一,5,8
214,10083430,周二,5,6
215,372170,周日,9,10
216,14120050,周一,1,2
217,8010210,周五,9,10
218,6040620,周二,3,4
219,11010040,周四,5,7
220,20110180,周四,9,10
221,12001290,周一,9,10
222,19003150,周一,7,8
223,7000010,周二,3,4
224,30000140,周四,3,4
225,372050,周一,7,8
226,16070050,周三,9,10
227,4011100,周五,1,2
228,90212302,周四,5,7
229,10020170,周三,1,2
230,18001620,周一,3,4
231,202220,周一,9,11
232,6040500,周二,5,6
233,78005600,周四,9,11
234,372420,周四,9,10
235,14140020,周五,5,6
236,27040160,周四,7,8
237,202460,周一,7,8
238,14100210,周二,3,4
239,17010730,周四,5,6
240,6000640,周三,3,4
241,10083920,周二,3,4
242,10083310,周三,1,2
243,20010320,周三,9,10
244,14110030,周三,5,6
245,10060230,周二,5,6
246,12000350,周一,5,7
247,10082650,周一,1,2
248,20120130,周五,5,8
249,61001160,周二,9,10
250,202710,周三,9,10
251,5020520,周五,3,4
252,78006490,周二,7,8
253,6000000,周二,5,6
254,300040,周四,9,10
255,78005350,周二,3,4
256,21010620,周二,5,6
257,21010620,周五,3,4
258,38040020,周四,3,4
259,78006500,周四,7,8
260,12010340,周一,5,6
261,12010340,周三,5,6
262,32010110,周四,3,4
263,202580,周五,9,10
264,5030090,周二,3,4
265,12000110,周一,3,4
266,12000110,周三,5,6
267,61001280,周日,5,11
268,6020080,周四,5,7
269,11090390,周二,5,7
270,78006250,周二,9,10
271,78006250,周三,9,10
272,18060100,周一,5,6
273,18060100,周四,1,2
274,300160,周五,9,11
275,300160,周六,1,4
276,90213304,周一,2,4
277,79000010,周一,2,4
278,19003390,周四,2,4
279,14100690,周三,1,2
280,23030280,周一,9,11
281,11000300,周二,1,2
282,11000300,周四,5,6
283,11000300,周四,7,8
284,3000290,周一,7,8
285,90111201,周三,5,7
286,10082550,周四,1,2
287,9030370,周三,3,4
288,5000890,周四,3,4
289,200600,周一,9,11
290,372190,周四,7,8
291,18040110,周一,3,4
292,18040110,周四,3,4
293,19003170,周三,2,4
294,201340,周三,9,11
295,21010270,周一,7,8
296,10083850,周四,3,4
297,42070,周二,5,6
298,20000030,周一,1,2
299,20000030,周五,3,4
300,7010010,周二,5,6
301,10060250,周四,1,2
302,10030260,周四,3,4
303,11031010,周二,1,2
304,11031010,周四,1,2
305,43000010,周四,5,6
306,10082670,周三,1,2
307,19002790,周二,2,4
308,29030310,周四,9,10
309,5010750,周四,5,6
310,10082800,周一,1,2
311,100,周一,9,11
312,302920,周四,7,8
313,15000150,周三,5,6
314,15000150,周四,9,10
315,399180,周五,5,6
316,5020760,周二,3,4
317,4011340,周四,9,11
318,10010270,周二,3,4
319,10010270,周四,3,4
320,2210870,周五,2,4
321,78003790,周四,7,8
322,9010510,周五,2,3
323,9010510,周五,4,4
324,10084210,周二,9,10
325,10081750,周二,5,6
326,5010650,周二,5,6
327,13030560,周五,3,4
328,15040250,周四,3,4
329,9050480,周二,9,10
330,43000230,周三,5,6
331,32010350,周六,1,2
332,32010350,周六,3,4
333,32010350,周日,1,2
334,32010350,周日,3,4
335,90211201,周四,2,4
336,90311204,周一,2,4
337,19003270,周一,1,2
338,8010820,周二,7,8
339,61000510,周四,9,11
340,13030960,周三,3,4
341,11013070,周三,1,2
342,11013070,周五,5,6
343,61001070,周四,7,8
344,202620,周一,9,11
345,32010190,周三,3,4
346,61100010,周一,7,8
347,3001750,周二,3,4
348,7020500,周四,1,2
349,7020500,周四,3,4
350,19003430,周四,7,8
351,19003430,周四,9,10
352,10083830,周五,5,6
353,300070,周二,5,6
354,2210110,周四,3,4
355,9010540,周一,5,7
356,399090,周四,9,10
357,9050360,周五,5,6
358,90113301,周三,5,6
359,29030010,周二,5,6
360,29030010,周四,3,4
361,201810,周四,7,8
362,341650,周五,9,10
363,399100,周四,9,10
364,8020060,周五,2,4
365,14100700,周五,3,4
366,91190010,周一,5,6
367,10070220,周一,5,6
368,10070220,周三,3,6
369,10070220,周四,3,4
370,23000340,周二,1,2
371,399220,周三,9,10
372,7040030,周五,3,4
373,38050040,周四,3,4
374,61000750,周五,9,11
375,9050400,周二,3,4
376,10050120,周一,3,4
377,10050120,周二,3,6
378,10050120,周三,3,6
379,202740,周四,9,11
380,13010200,周一,3,4
381,23000220,周一,9,10
382,78005810,周四,9,10
383,11010010,周一,1,2
384,11010010,周四,3,4
385,78005750,周四,7,8
386,23020340,周一,1,2
387,23020340,周一,3,4
388,23020340,周三,1,2
389,21010100,周四,5,7
390,27030180,周五,3,4
391,8030510,周四,5,7
392,2111420,周四,9,10
393,12040240,周四,5,7
394,14100050,周二,5,6
395,43000070,周二,3,4
396,78000470,周四,9,10
397,2200030,周四,1,2
398,5020800,周三,5,6
399,8030210,周一,5,7
400,15000120,周四,5,6
401,90113403,周三,3,4
402,77003260,周五,5,7
403,10060200,周三,3,4
404,78006220,周一,5,6
405,399710,周二,5,6
406,9010660,周一,3,4
407,17010360,周三,5,6
408,24010050,周五,5,6
409,40130,周一,5,6
410,13030720,周二,5,6
411,90413301,周五,2,4
412,4010560,周一,7,8
413,38070060,周五,5,6
414,29030250,周三,3,4
415,24020150,周三,9,11
416,2110730,周二,3,4
417,11011060,周一,9,11
418,11012000,周二,3,4
419,11012000,周四,3,4
420,32010070,周二,5,6
421,10083220,周四,1,2
422,11030010,周三,3,4
423,11030010,周五,1,2
424,27050310,周五,7,8
425,90212303,周三,2,4
426,12000260,周五,5,6
427,78006280,周五,5,6
428,8010660,周三,3,4
429,300130,周五,7,8
430,10080230,周二,7,8
431,78006530,周四,5,6
432,1030150,周三,9,10
433,7000340,周五,1,2
434,12000140,周二,3,4
435,12000140,周四,3,4
436,19003480,周一,3,4
437,19003480,周三,3,4
438,9010940,周四,5,6
439,29011670,周三,5,6
440,1030030,周四,7,8
441,2210840,周四,3,4
442,27000200,周五,5,6
443,27000200,周五,7,8
444,90311101,周一,9,11
445,14100660,周一,5,6
446,4010040,周二,5,6
447,9050450,周四,5,6
448,27000190,周一,5,6
449,27000190,周一,7,8
450,19003240,周二,7,8
451,200870,周四,9,11
452,9000650,周五,2,4
453,12000020,周一,1,2
454,12000020,周五,1,2
455,20030090,周一,5,6
456,6010470,周二,5,6
457,7010260,周一,2,4
458,29011550,周二,7,8
459,16020710,周五,3,4
460,6040060,周五,5,7
461,7020430,周一,3,4
462,12001260,周一,3,4
463,12001260,周四,3,4
464,8020340,周一,5,6
465,10030180,周四,1,2
466,10020140,周二,1,4
467,10020140,周四,1,4
468,6040310,周三,3,4
469,12020210,周一,5,7
470,22011460,周一,5,6
471,22011460,周四,5,6
472,8010050,周一,5,7
473,14110100,周五,5,6
474,17010290,周二,5,6
475,17010290,周二,7,8
476,17010300,周三,1,2
477,17010300,周三,3,4
478,14010021,周四,9,11
479,1032300,周一,9,10
480,1032300,周三,1,2
481,21000050,周二,3,4
482,21000050,周五,5,6
483,10020260,周五,5,6
484,23000430,周二,7,8
485,9020370,周三,5,6
486,30000330,周一,3,4
487,3000510,周四,3,4
488,38030010,周四,2,4
489,13030770,周三,5,6
490,29021230,周五,3,4
491,14100780,周四,5,6
492,11011000,周三,5,6
493,11011000,周五,3,4
494,15020270,周二,5,6
495,90311203,周一,5,7
496,20120440,周四,3,4
497,61001370,周四,7,8
498,61001370,周四,9,10
499,1032420,周四,9,10
500,8030020,周二,2,4
501,9090240,周二,9,10
502,7030230,周四,7,8
503,202370,周二,7,8
504,3000380,周三,5,6
505,6000670,周五,3,4
506,78006040,周二,7,8
507,14120110,周一,7,8
508,28020960,周四,3,4
509,78005320,周三,9,10
510,43000160,周三,9,10
511,90113302,周四,5,6
512,16030260,周五,5,6
513,30000080,周二,7,8
514,30000080,周三,5,6
515,30000080,周四,5,6
516,22011250,周一,3,4
517,10083030,周五,3,4
518,7010230,周一,5,6
519,9060530,周一,5,7
520,372110,周四,5,6
521,303050,周一,9,10
522,61001890,周五,7,8
523,18001340,周四,1,2
524,20110480,周五,1,3
525,27050240,周一,7,8
526,1032380,周二,7,8
527,201230,周二,7,8
528,5010040,周二,3,4
529,2210810,周四,9,10
530,27040070,周三,3,4
531,4000050,周三,3,4
532,10010310,周二,3,4
533,38090010,周一,3,4
534,38090010,周五,3,4
535,202280,周四,9,11
536,372470,周三,9,10
537,200540,周一,7,8
538,41000220,周一,7,8
539,9090210,周三,5,6
540,78006010,周一,7,8
541,78004540,周二,9,11
542,12040050,周二,3,4
543,12040050,周五,3,4
544,1032510,周四,1,2
545,3000020,周三,3,4
546,22020360,周二,5,7
547,20120410,周二,3,4
548,202650,周四,7,8
549,42030,周一,3,4
550,19000200,周二,5,7
551,20130360,周四,5,6
552,372440,周二,9,10
553,5000650,周一,3,4
554,9060480,周五,5,7
555,6010440,周三,3,4
556,17010310,周三,5,6
557,41,周一,9,11
558,9000020,周二,9,11
559,7000640,周三,3,4
560,90312201,周四,3,4
561,8030470,周五,3,4
562,8030470,周五,5,6
563,1032390,周四,7,8
564,23010350,周二,9,11
565,90113404,周二,3,4
566,90113404,周二,7,8
567,22010320,周三,5,6
568,19003760,周五,5,6
569,17010570,周一,5,6
570,12000820,周四,3,4
571,6020030,周二,3,4
572,10083800,周三,7,8
573,399010,周四,7,8
574,9010210,周二,3,4
575,29021200,周四,3,4
576,22011620,周四,9,10
577,41000340,周三,5,6
578,200660,周二,7,8
579,302520,周三,9,11
580,14010070,周五,9,10
581,330080,周五,2,4
582,20130610,周三,1,2
583,8010420,周三,3,4
584,27040190,周五,5,7
585,3001720,周一,3,4
586,12010370,周二,5,7
587,10082740,周三,3,4
588,14100630,周二,9,10
589,2111110,周一,3,4
590,12030250,周二,5,7
591,371780,周五,7,8
592,10083670,周一,1,2
593,399250,周四,7,8
594,14010190,周二,1,2
595,14010190,周三,5,6
596,2110420,周二,5,6
597,6020060,周二,3,4
598,10083890,周二,7,8
599,22011430,周三,3,4
600,5020370,周三,3,4
601,78006640,周二,9,11
602,19003490,周二,1,2
603,18001400,周一,5,6
604,5030190,周一,3,4
605,10030220,周三,3,4
606,10030220,周三,5,6
607,302990,周四,7,8
608,10082630,周一,1,2
609,7000470,周五,3,4
610,38010010,周一,7,8
611,9090150,周二,9,10
612,372400,周一,9,10
613,21010470,周三,3,4
614,2110300,周二,9,10
615,19003370,周一,2,4
616,32010250,周四,5,6
617,7000590,周二,1,2
618,90411201,周一,2,4
619,22010530,周二,3,4
620,10081730,周五,1,2
621,10082990,周五,5,6
622,399040,周一,9,10
623,19001330,周二,5,6
624,19001330,周四,5,6
625,10070270,周二,5,6
626,5006220,周二,5,6
627,43000210,周三,3,4
628,22011800,周三,5,6
629,15040110,周四,3,4
630,14140031,周三,9,11
631,200640,周二,7,8
632,37100810,周四,9,10
633,10081610,周三,3,4
634,399160,周四,7,8
635,202680,周二,2,4
636,9010810,周三,3,4
637,27050280,周二,3,4
638,11020210,周二,3,4
639,11020210,周四,9,10
640,78006520,周四,9,10
641,18010440,周一,9,10
642,18010440,周四,7,8
643,78006030,周一,9,11
644,8010350,周四,3,4
645,2111070,周四,5,6
646,12001030,周一,5,7
647,78001160,周四,7,8
648,9060040,周四,5,7
649,25011510,周五,1,2
650,61001510,周日,6,8
651,11000070,周二,5,6
652,11000070,周四,7,8
653,201910,周四,7,8
654,77002860,周一,7,8
655,18060440,周二,1,4
656,78001040,周三,9,10
657,14100670,周四,9,10
658,17010630,周一,1,2
659,17010630,周四,3,4
660,12030210,周四,5,7
661,90211101,周二,9,11
662,9010040,周一,2,4
663,90311202,周四,5,7
664,38050012,周二,3,4
665,12001270,周二,3,4
666,12001270,周五,3,4
667,16070030,周一,9,10
668,9010280,周四,5,7
669,14140013,周四,5,7
670,32010130,周四,5,6
671,8010590,周四,9,10
672,38060010,周一,9,10
673,38060010,周五,1,2
674,7040010,周二,3,4
675,27030610,周三,5,6
676,10013,周一,5,6
677,10013,周四,7,8
678,11012060,周三,3,4
679,11012060,周五,5,6
680,20030670,周一,5,6
681,201780,周三,9,11
682,6020430,周四,5,6
683,200400,周四,9,11
684,22011670,周四,2,4
685,25011380,周一,9,11
686,32010010,周四,3,4
687,6010000,周二,3,4
688,1031820,周四,5,6
689,15030040,周二,5,6
690,15030040,周四,5,6
691,30000650,周五,5,6
692,10083160,周二,3,4
693,10083160,周五,3,4
694,18060190,周三,3,4
695,27000160,周一,5,7
696,399530,周六,7,8
697,38030020,周二,3,4
698,3000500,周二,9,10
699,9000620,周三,9,11
700,21010070,周五,5,6
701,61000970,周五,9,10
702,8010260,周三,3,4
703,371900,周二,7,8
704,303040,周二,9,10
705,18100040,周一,3,4
706,10050140,周一,1,4
707,10050140,周四,3,4
708,10050140,周五,1,2
709,9000710,周三,3,4
710,10060290,周二,3,4
711,43000050,周一,5,6
712,6040560,周四,2,4
713,7040130,周二,3,4
714,3000370,周四,5,6
715,30000070,周一,3,4
716,30000070,周四,7,8
717,90311304,周五,2,4
718,1030340,周一,3,4
719,340030,周三,9,11
720,19001360,周四,3,4
721,10010290,周三,5,6
722,8010380,周二,3,4
723,17010660,周二,3,4
724,17010660,周五,3,4
725,4010580,周三,9,10
726,91040040,周一,5,6
727,12030240,周一,5,7
728,399560,周四,9,11
729,1010020,周五,2,4
730,41000430,周一,7,8
731,27050010,周二,2,4
732,27050010,周四,5,6
733,78004990,周四,9,11
734,61001300,周四,9,11
735,10020240,周四,3,4
736,61002010,周五,5,6
737,3000250,周二,3,4
738,78006240,周二,7,8
739,22011580,周一,5,6
740,201020,周三,9,10
741,4010090,周二,5,6
742,4010090,周四,5,6
743,29011610,周二,3,4
744,20130010,周一,9,10
745,20030710,周四,1,2
746,10060170,周一,1,4
747,10060170,周三,1,2
748,10060170,周四,1,4
749,32010100,周五,3,4
750,78003940,周三,9,11
751,9080050,周四,3,4
752,38070040,周一,9,10
753,38070040,周五,1,2
754,14010060,周三,1,2
755,9030540,周二,2,4
756,13000150,周二,3,4
757,13000150,周五,1,2
758,9050340,周一,1,4
759,9050340,周一,5,7
760,9050340,周二,1,4
761,9050340,周二,5,7
762,9050340,周三,1,4
763,9050340,周三,5,7
764,9050340,周四,1,4
765,9050340,周四,5,7
766,9050340,周五,1,4
767,9050340,周五,5,7
768,7000320,周五,5,6
769,2111190,周二,5,6
770,12010280,周三,9,11
771,19003530,周二,5,6
772,1030180,周三,5,6
773,13030940,周四,5,7
774,27040180,周四,2,4
775,6000630,周四,3,4
776,14100270,周一,5,6
777,5000032,周二,5,6
778,302510,周三,9,11
779,15040070,周二,3,4
780,9010320,周三,5,6
781,21010320,周二,5,6
782,7020520,周五,5,6
783,30250,周三,5,6
784,30250,周五,5,6
785,30250,周五,7,8
786,12000710,周一,9,10
787,2111320,周五,9,10
788,202320,周三,9,11
789,19000180,周一,9,11
790,78005040,周一,7,8
791,22020230,周二,3,4
792,22020230,周五,3,4
793,12000160,周五,5,6
794,19003770,周二,9,10
795,78005830,周五,9,11
796,360070,周三,9,11
797,202200,周五,9,11
798,43000170,周四,5,7
799,12020260,周五,5,7
800,10082510,周四,1,2
801,25010850,周五,5,7
802,61001660,周四,9,10
803,7000070,周四,1,2
804,7000070,周四,3,4
805,200670,周一,9,11
806,90113405,周四,5,6
807,7040190,周四,3,4
808,9010470,周一,5,7
809,77001560,周二,9,10
810,10010120,周三,1,2
811,14100880,周一,2,4
812,91070070,周四,7,8
813,22011140,周四,2,4
814,10083610,周一,3,4
815,10083610,周二,3,4
816,202390,周三,9,11
817,90413201,周二,5,7
818,90413201,周三,2,4
819,2111390,周二,5,7
820,17011000,周三,3,4
821,330100,周二,9,11
822,9070460,周一,9,11
823,1032520,周二,9,10
824,14100720,周一,5,6
825,91190030,周一,7,8
826,12010360,周二,2,4
827,23000320,周二,3,4
828,302420,周二,9,10
829,10030,周一,7,8
830,10030,周三,1,2
831,22000010,周二,7,8
832,22000010,周四,7,8
833,22000010,周四,9,10
834,3001820,周五,5,6
835,19002810,周三,2,4
836,512760,周二,9,11
837,9060600,周三,5,6
838,80030040,周四,7,8
839,90313302,周三,5,6
840,7020450,周五,5,7
841,27030450,周二,2,4
842,3001690,周四,3,4
843,61001840,周二,9,11
844,91140070,周一,7,8
845,91140070,周三,9,10
846,22000130,周三,3,4
847,22000130,周五,5,6
848,22000130,周五,7,8
849,14120040,周三,3,4
850,8010070,周五,5,7
851,18010630,周二,3,4
852,78005710,周二,9,10
853,341590,周一,9,10
854,10081820,周四,7,8
855,27010020,周五,3,4
856,9020070,周三,3,4
857,20030640,周五,2,4
858,15010080,周二,3,4
859,18040340,周二,5,6
860,202350,周二,7,8
861,7030250,周一,2,4
862,8020120,周二,3,4
863,61001960,周二,9,10
864,30000350,周四,5,6
865,17010960,周三,9,10
866,90112302,周三,3,4
867,10060120,周三,9,11
868,41000270,周一,1,2
869,11100200,周四,5,7
870,30000230,周四,9,10
871,27030570,周二,5,7
872,341600,周五,5,6
873,202590,周三,9,10
874,9080140,周四,2,4
875,91020090,周五,3,4
876,18001480,周四,2,4
877,30000110,周一,3,4
878,30000110,周四,5,6
879,27050340,周一,5,6
880,10083860,周三,5,6
881,302910,周二,7,8
882,302910,周二,9,10
883,5000420,周二,9,10
884,11031020,周一,3,4
885,11031020,周三,3,4
886,78004190,周二,9,11
887,78004190,周三,9,11
888,28011090,周一,5,6
889,28011090,周三,3,4
890,28011090,周四,5,6
891,28011090,周五,3,4
892,90313404,周三,5,7
893,6020090,周一,3,4
894,10080370,周五,5,6
895,22011120,周四,5,7
896,13030230,周五,9,10
897,78005340,周一,7,8
898,110,周四,9,11
899,6040530,周一,3,4
900,19003710,周二,9,10
901,10080010,周一,3,4
902,19003060,周一,3,4
903,19003060,周一,9,10
904,11021020,周三,9,10
905,11021020,周五,7,8
906,202470,周五,9,11
907,9000060,周一,5,6
908,9000060,周一,7,7
909,11010200,周三,9,11
910,90013101,周五,7,8
911,7010240,周二,7,8
912,1032320,周三,3,4
913,1032320,周三,5,6
914,10084220,周二,3,4
915,29030070,周一,5,7
916,29030070,周五,5,7
917,202720,周一,9,11
918,38030021,周一,3,4
919,38030021,周五,3,4
920,78006710,周五,5,8
921,7030010,周一,7,8
922,372210,周一,9,11
923,372210,周三,9,11
924,29030190,周五,5,8
925,29010650,周五,3,4
926,18001610,周五,5,6
927,4010060,周四,5,6
928,5030750,周四,3,4
929,2111160,周二,5,6
930,9060590,周二,5,6
931,202600,周一,9,11
932,202600,周四,9,11
933,15070130,周一,5,7
934,42050,周四,5,6
935,23010490,周二,5,6
936,23010490,周四,7,8
937,10080160,周三,5,6
938,90311303,周二,3,5
939,302940,周四,9,11
940,18000310,周二,5,7
941,10083490,周二,3,4
942,90211202,周一,5,7
943,9020350,周三,5,6
944,29021220,周二,3,4
945,38050030,周三,5,7
946,2111280,周四,9,10
947,10081420,周二,5,6
948,12000190,周二,5,7
949,27040100,周二,5,6
950,22010100,周一,5,6
951,22010100,周三,3,4
952,2110350,周三,1,2
953,12000200,周二,5,7
954,78001070,周一,7,8
955,1032410,周二,9,10
956,5020090,周五,5,6
957,22020260,周三,9,10
958,22020260,周五,3,4
959,28010890,周一,3,4
960,12000800,周三,5,6
961,202750,周四,9,10
962,7020610,周五,3,4
963,10082470,周三,3,4
964,43000260,周三,9,11
965,20110140,周三,3,4
966,28030080,周二,3,4
967,28030080,周四,3,4
968,28010770,周四,3,4
969,27030290,周四,5,7
970,9000030,周二,2,4
971,300060,周四,5,6
972,12000070,周二,3,4
973,12000070,周五,3,4
974,18001240,周四,5,6
975,40140,周一,5,6
976,17010230,周二,1,2
977,371810,周二,7,8
978,10082720,周一,3,4
979,15010330,周三,3,4
980,2111130,周二,9,10
981,27030300,周二,7,8
982,12001080,周一,5,7
983,399230,周五,9,10
984,14110040,周四,9,10
985,22000100,周一,2,4
986,22000100,周三,5,6
987,22011390,周一,9,10
988,41000360,周二,1,2
989,61000820,周五,9,11
990,6020370,周五,3,4
991,91040010,周二,7,8
992,11030000,周三,1,2
993,11030000,周五,3,4
994,61001110,周三,9,10
995,18001760,周四,9,10
996,17010350,周一,5,6
997,5010460,周五,5,6
998,78005740,周三,9,11
999,10083010,周三,5,6
1000,19003340,周二,3,4
1001,19003340,周五,3,4
1002,30000580,周四,3,4
1003,32010280,周五,3,4
1004,11090320,周一,9,10
1005,11090320,周二,7,8
1006,10020210,周二,1,2
1007,10020210,周二,3,4
1008,90212301,周二,2,4
1009,78005620,周三,9,10
1010,341560,周六,2,4
1011,341560,周六,5,9
1012,341560,周日,2,4
1013,341560,周日,5,9
1014,9010230,周四,3,4
1015,90113406,周四,3,4
1016,8010190,周三,1,2
1017,10010330,周四,3,4
1018,19002280,周一,5,6
1019,19002280,周三,5,6
1020,27030540,周二,3,4
1021,19003100,周五,5,7
1022,28011060,周三,3,4
1023,2200260,周四,7,8
1024,27000220,周一,3,4
1025,14100850,周一,2,4
1026,9050430,周二,5,6
1027,18060140,周三,5,6
1028,18060140,周四,5,6
1029,41000240,周二,1,2
1030,15050080,周二,7,8
1031,15050080,周五,3,4
1032,6040370,周五,3,4
1033,10010350,周二,5,6
1034,8010900,周二,3,4
1035,3001580,周四,3,4
1036,399140,周五,7,8
1037,27000180,周一,3,4
1038,2111100,周四,3,4
1039,1030040,周四,3,4
1040,28020210,周四,5,6
1041,201880,周三,9,11
1042,200740,周一,9,11
1043,10082970,周三,3,4
1044,10070290,周四,3,4
1045,2111340,周三,3,4
1046,9050440,周四,7,8
1047,4011660,周一,7,8
1048,78006420,周二,7,8
1049,4010640,周二,5,6
1050,90313303,周四,1,3
1051,90313303,周四,5,6
1052,17011060,周一,9,11
1053,28010140,周二,7,8
1054,302900,周一,9,10
1055,12010290,周一,3,4
1056,12010290,周四,1,2
1057,523190,周三,9,11
1058,6010650,周三,5,6
1059,6020020,周二,5,7
1060,300050,周三,9,10
1061,11090700,周三,9,11
1062,11090700,周五,5,7
1063,13030860,周一,5,7
1064,5010720,周四,3,4
1065,9070340,周三,5,6
1066,10080170,周三,3,4
1067,2110580,周五,7,8
1068,28030090,周二,5,6
1069,28030090,周四,5,6
1070,24000010,周三,5,6
1071,202400,周一,9,11
1072,15040390,周五,3,4
1073,4011470,周一,2,4
1074,61000530,周五,7,8
1075,10030290,周二,3,4
1076,10030290,周二,5,6
1077,11090570,周二,7,8
1078,23000440,周三,1,4
1079,9010640,周二,3,4
1080,300170,周二,9,10
1081,19003690,周二,5,6
1082,10030300,周三,3,4
1083,302830,周二,5,6
1084,8030110,周三,2,4
1085,90113401,周三,5,6
1086,15030120,周二,3,4
1087,12001320,周五,5,7
1088,32010170,周二,3,4
1089,32010270,周五,7,8
1090,24020070,周二,5,7
1091,399510,周六,3,4
1092,10083870,周三,9,10
1093,7020540,周一,5,6
1094,38060030,周四,7,8
1095,9010580,周四,9,11
1096,302770,周四,9,10
1097,78006300,周二,9,10
1098,21010570,周一,5,6
1099,21010570,周四,5,6
1100,5030660,周四,7,8
1101,9070280,周五,5,6
1102,22010310,周五,5,7
1103,18001300,周三,1,4
1104,300120,周一,9,11
1105,90411203,周五,2,4
1106,28010990,周二,7,8
1107,341610,周五,5,6
1108,7040110,周三,3,4
1109,399750,周四,9,10
1110,29030080,周四,2,6
1111,90412201,周二,2,4
1112,6010220,周四,5,6
1113,14010240,周一,5,7
1114,10060150,周二,1,4
1115,10060150,周三,1,2
1116,10060150,周五,1,4
1117,38100030,周二,7,8
1118,38100030,周四,1,2
1119,24020190,周三,5,6
1120,29030210,周二,3,4
1121,10082360,周二,7,8
1122,30000220,周一,5,6
1123,6040300,周五,3,4
1124,20030690,周三,3,4
1125,20130190,周四,3,4
1126,13031140,周五,3,4
1127,17010410,周一,7,8
1128,10050160,周二,1,2
1129,10050160,周五,1,2
1130,8010130,周一,5,7
1131,78005880,周二,7,8
1132,78003470,周一,9,10
1133,360020,周二,7,8
1134,30000090,周五,5,7
1135,28010750,周二,5,6
1136,22000160,周三,5,6
1137,22000160,周五,3,4
1138,30000100,周二,3,4
1139,30000100,周五,3,4
1140,340020,周四,9,11
1141,7000690,周五,7,8
1142,8010370,周二,5,6
1143,10082450,周四,1,2
1144,303060,周二,9,11
1145,3000270,周三,5,6
1146,10083140,周二,3,4
1147,10083140,周三,5,6
1148,372460,周二,9,11
1149,20030360,周一,3,4
1150,20030360,周五,7,8
1151,201240,周四,9,11
1152,20120050,周二,2,4
1153,9090220,周二,5,6
1154,14100250,周一,3,4
1155,11010210,周二,5,7
1156,28020730,周二,1,2
1157,27030510,周四,5,6
1158,78000400,周一,7,8
1159,5000110,周五,5,7
1160,22010800,周二,9,10
1161,90412304,周一,5,7
1162,11011020,周二,9,11
1163,11012040,周一,5,7
1164,14110070,周五,5,6
1165,12040040,周二,5,7
1166,302930,周一,9,10
1167,5001010,周一,7,8
1168,10083260,周三,1,2
1169,15030220,周四,3,4
1170,20030610,周一,2,4
1171,78000390,周四,5,6
1172,28010780,周三,3,4
1173,12001220,周三,2,4
1174,16040870,周一,1,2
1175,1032500,周二,5,6
1176,19002420,周四,5,8
1177,22020370,周四,2,4
1178,15020070,周一,3,4
1179,15020070,周一,5,8
1180,9020360,周二,5,6
1181,80030080,周四,5,6
1182,19001380,周一,9,10
1183,13010150,周五,2,4
1184,19002540,周三,3,4
1185,19002540,周五,3,4
1186,25011240,周五,9,11
1187,22020250,周三,5,6
1188,22020250,周五,3,4
1189,8010280,周一,3,4
1190,2200070,周一,9,10
1191,41000330,周三,3,4
1192,10080270,周二,3,4
1193,91070090,周四,5,6
1194,77002870,周二,7,8
1195,13010030,周一,3,4
1196,13010030,周五,3,4
1197,5000230,周二,7,8
1198,11090350,周五,9,11
1199,5020110,周一,3,4
1200,3002000,周二,5,6
1201,4000040,周三,9,10
1202,17010560,周一,3,4
1203,17010560,周四,3,4
1204,90311208,周五,5,6
1205,43000030,周三,5,7
1206,14100370,周三,5,6
1207,10081920,周一,5,6
1208,5000600,周四,5,6
1209,7020420,周二,5,6
1210,7020420,周二,7,8
1211,201850,周四,9,11
1212,12030260,周一,5,7
1213,340050,周二,7,8
1214,200650,周五,9,11
1215,14130070,周一,3,4
1216,6040020,周一,3,4
1217,12000060,周三,2,4
1218,42020,周三,5,6
1219,38080040,周三,9,10
1220,10030200,周一,7,8
1221,3001950,周一,5,6
1222,29040030,周四,3,4
1223,10030320,周二,5,6
1224,202660,周四,9,11
1225,12010380,周三,5,6
1226,22010790,周三,9,10
1227,18001330,周三,5,6
1228,20020060,周二,9,10
1229,78006660,周三,9,11
1230,9010220,周五,3,4
1231,5010700,周五,3,4
1232,3001710,周二,5,6
1233,13030270,周四,9,10
1234,21000090,周三,3,4
1235,4010120,周二,2,4
1236,17010930,周一,3,4
1237,17010930,周四,5,6
1238,10040100,周一,3,4
1239,10040100,周三,3,4
1240,8010650,周四,5,6
1241,29020250,周二,5,7
1242,21010540,周二,1,2
1243,340080,周二,9,10
1244,12040220,周四,2,4
1245,10083200,周五,1,4
1246,8020020,周五,2,4
1247,18001630,周五,5,6
1248,9020170,周一,3,4
1249,38010020,周二,3,4
1250,18010410,周一,5,7
1251,12040340,周二,5,6
1252,202450,周四,7,8
1253,10050200,周四,1,2
1254,23000380,周二,5,7
1255,90411202,周四,2,4
1256,11011070,周一,1,2
1257,11011070,周二,1,2
1258,201060,周一,9,11
1259,15010310,周四,3,4
1260,20120120,周一,3,4
1261,20120120,周三,5,6
1262,12040100,周二,2,4
1263,8010100,周五,5,7
1264,6040380,周一,1,2
1265,13020040,周三,3,4
1266,17010490,周五,5,6
1267,17010490,周五,7,7
1268,2110410,周四,5,6
1269,18001510,周三,1,2
1270,25000700,周二,3,4
1271,25000700,周五,5,6
1272,29021030,周三,5,6
1273,202690,周三,9,11
1274,7040300,周四,5,7
1275,5020040,周四,5,6
1276,2200130,周三,3,4
1277,17010010,周一,3,4
1278,17010010,周五,3,4
1279,91150020,周二,5,6
1280,13000200,周四,3,8
1281,37100700,周一,7,8
1282,22010030,周一,5,6
1283,22010030,周三,5,6
1284,3001790,周一,3,4
1285,6040630,周二,3,4
1286,15090100,周二,2,4
1287,1032340,周四,5,6
1288,29030050,周二,2,4
1289,29030050,周四,5,7
1290,372180,周五,7,8
1291,10081400,周三,1,2
1292,9010620,周三,5,6
1293,6020440,周三,3,4
1294,78005000,周一,7,8
1295,5010760,周一,7,8
1296,37100570,周四,7,8
1297,201800,周三,9,11
1298,20050020,周三,3,4
1299,372430,周五,9,11
1300,10082780,周三,3,4
1301,20130530,周一,7,8
1302,19003280,周五,5,6
1303,29011590,周三,5,6
1304,29011600,周三,3,4
1305,202700,周三,9,11
1306,40210,周三,5,6
1307,5080040,周一,9,10
1308,5010520,周四,7,8
1309,23010060,周三,3,4
1310,23010060,周四,1,2
1311,23010060,周五,3,4
1312,2111060,周四,5,6
1313,19003160,周一,3,4
1314,9070250,周一,6,7
1315,11090260,周三,9,11
1316,200950,周三,9,11
1317,38050020,周三,2,4
1318,43000120,周五,3,4
1319,10080030,周一,7,8
1320,7020350,周四,5,7
1321,9080240,周一,2,4
1322,37100330,周四,7,8
1323,14140012,周四,2,4
1324,38040010,周四,5,7
1325,29030300,周四,7,8
1326,6000110,周四,3,4
1327,20020010,周三,9,10
1328,12010210,周二,5,7
1329,12010210,周五,9,10
1330,61001940,周三,5,6
1331,399080,周一,7,8
1332,200090,周二,7,8
1333,19003320,周三,2,4
1334,9010650,周二,5,6
1335,17010890,周二,3,4
1336,17010890,周五,3,4
1337,19003200,周四,2,4
1338,32010310,周三,5,6
1339,2111150,周四,7,8
1340,13031170,周三,9,10
1341,202730,周三,9,11
1342,7040260,周四,5,6
1343,11030420,周四,5,7
1344,22000070,周二,3,4
1345,15040380,周三,5,6
1346,399210,周三,9,10
1347,10082690,周一,3,4
1348,11013060,周一,7,8
1349,11013060,周四,7,8
1350,10060090,周四,3,4
1351,10082950,周一,7,8
1352,10020190,周二,1,2
1353,10020190,周四,1,4
1354,78006320,周三,5,6
1355,61001340,周五,9,11
1356,90413303,周四,5,7
1357,10060220,周三,1,2
1358,78006200,周三,9,10
1359,6000060,周一,5,7
1360,18060150,周一,1,2
1361,7020190,周五,3,4
1362,25011460,周三,5,6
1363,41000230,周一,5,6
1364,399120,周四,9,10
1365,10010090,周五,3,4
1366,78006190,周三,9,10
1367,28010360,周三,5,6
1368,202640,周四,9,10
1369,9090200,周一,3,4
1370,2111120,周四,5,6
1371,22011510,周三,1,2
1372,10050220,周四,3,4
1373,6040610,周五,1,2
1374,303000,周三,9,10
1375,90411102,周二,9,11
1376,2110950,周四,5,6
1377,8010740,周二,5,6
1378,78006450,周四,7,8
1379,10083470,周三,5,6
1380,3001390,周二,3,4
1381,5000022,周二,3,4
1382,6010640,周四,3,4
1383,13030480,周三,5,6
1384,10083590,周一,7,8
1385,10083590,周三,5,6
1386,78001780,周五,7,8
1387,6010520,周二,3,4
1388,5030730,周一,5,6
1389,3001520,周二,3,4
1390,2111180,周二,5,6
1391,8030500,周二,5,6
1392,10081880,周三,1,2
1393,78006570,周一,5,6
1394,78006570,周三,5,6
1395,2210120,周四,5,6
1396,27010070,周四,5,6
1397,19002870,周三,9,10
1398,5010730,周一,5,6
1399,14100710,周二,7,8
1400,14000070,周五,1,4
1401,30000280,周二,3,4
1402,2210360,周五,1,4
1403,9060450,周四,2,4
1404,28011040,周四,7,8
1405,19002260,周四,5,7
1406,8030100,周二,5,6
1407,61001970,周一,9,10
1408,2100050,周二,7,8
1409,341660,周五,5,6
1410,91140100,周四,3,4
1411,19002380,周三,3,4
1412,19002380,周五,3,4
1413,3001270,周一,3,4
1414,23000350,周一,5,7
1415,2111430,周三,3,4
1416,32010060,周四,3,4
1417,90413204,周三,5,7
1418,9050530,周五,3,4
1419,201400,周一,9,11
1420,200460,周四,9,10
1421,78006080,周二,7,8
1422,15000230,周一,9,10
1423,21010330,周五,7,8
1424,3000220,周二,7,8
1425,40240,周五,1,2
1426,7010180,周二,5,6
1427,19002510,周二,3,4
1428,200340,周一,9,10
1429,12001310,周四,2,4
1430,30000040,周三,3,4
1431,18000610,周四,5,7
1432,78006330,周五,5,6
1433,14120060,周三,5,6
1434,10081120,周四,5,6
1435,16000020,周四,5,6
1436,16000020,周四,7,8
1437,90213309,周一,5,7
1438,19001450,周四,9,10
1439,5010360,周一,5,6
1440,303010,周三,9,10
1441,29030020,周三,3,6
1442,10060310,周五,1,2
1443,10060310,周五,3,4
1444,8010090,周四,2,4
1445,372150,周四,9,10
1446,12040250,周三,5,6
1447,78006210,周二,9,10
1448,14100060,周二,5,6
1449,61000270,周二,7,8
1450,19003440,周三,5,6
1451,27050200,周二,2,4
1452,6040600,周四,1,2
1453,32010180,周二,5,6
1454,61001210,周三,9,10
1455,201950,周一,9,10
1456,10050100,周二,7,8
1457,11000030,周一,5,7
1458,22000110,周二,3,4
1459,22000110,周五,3,4
1460,2210490,周二,5,7
1461,372160,周四,9,10
1462,5010590,周一,5,6
1463,201830,周四,9,11
1464,78003740,周二,7,8
1465,20110490,周三,1,2
1466,6040480,周三,2,4
1467,12001200,周一,2,4
1468,340070,周一,7,8
1469,6020380,周三,3,4
1470,10070200,周二,1,2
1471,10070200,周二,3,4
1472,10070200,周五,3,6
1473,61000160,周五,9,11
1474,27000330,周四,3,4
1475,25011220,周三,9,10
1476,8030530,周二,9,10
1477,2100060,周二,3,4
1478,10030330,周一,3,4
1479,38030012,周二,5,6
1480,38030012,周三,5,6
1481,18001160,周二,9,11
1482,2000050,周二,5,6
1483,399030,周四,9,10
1484,10020280,周二,1,4
1485,10020280,周三,1,2
1486,10020280,周三,5,6
1487,10020280,周四,1,2
1488,10020280,周五,1,4
1489,43000220,周四,3,4
1490,22011320,周五,5,6
1491,202670,周一,9,11
1492,9020400,周五,7,8
1493,11010030,周一,3,4
1494,11010030,周四,1,2
1495,18001280,周一,2,4
1496,43000100,周三,3,4
1497,78004240,周四,9,10
1498,4010750,周一,3,4
1499,2210500,周一,3,4
1500,371850,周四,9,10
1501,18060180,周五,3,4
1502,399150,周一,9,10
1503,21010580,周二,3,4
1504,21010580,周四,3,4
1505,22010300,周三,5,6
1506,43000090,周四,3,4
1507,27050290,周一,3,4
1508,18001530,周四,2,4
1509,9030460,周三,2,4
1510,5020510,周五,3,4
1511,10081500,周四,3,4
1512,28000330,周四,3,4
1513,4011530,周一,5,7
1514,27000300,周四,3,4
1515,78005020,周一,7,8
